shape,mean_speed_mps,method,runs,failed_after_start,platform_x_mm,platform_y_mm,platform_z_mm,platform_heading_deg,platform_roll_deg,platform_pitch_deg,ee_x_mm,ee_y_mm,ee_z_mm,ee_heading_deg,q1_deg,q2_deg,q3_deg,q4_deg,platform_pos_mm,ee_pos_mm
circle,0.1000,geometric_l1,3,0,23.7933,23.4595,4.2169,2.2865,0.7904,0.7980,30.8039,30.3777,8.0848,2.2969,0.1489,2.6431,1.6379,0.0937,33.6797,44.0126
circle,0.1000,modular_adaptive,3,0,25.5976,27.6705,39.6535,3.2828,0.8898,0.8653,32.2189,32.5588,61.9369,3.2069,0.1262,3.2943,3.5863,0.0748,54.7119,77.0358
circle,0.1000,whole_body_l1,3,0,7.4799,7.8593,1.4113,0.3820,0.8011,0.8721,8.3287,8.8056,1.6623,0.4613,0.5464,1.1584,0.4658,0.7131,10.9458,12.2382
circle,0.1300,geometric_l1,3,0,23.5772,23.9619,4.2737,3.0235,0.7960,0.7891,32.3951,32.6056,9.0694,3.0207,0.1465,2.9909,1.9243,0.1203,33.8938,46.8532
circle,0.1300,modular_adaptive,3,0,24.9262,27.4606,37.2815,3.4275,0.8966,0.8502,32.2558,32.5468,59.6281,3.3540,0.1313,3.2910,3.5860,0.1005,52.5868,75.2021
circle,0.1300,whole_body_l1,3,0,9.0977,9.4295,1.4379,0.5901,0.7926,0.8771,10.3472,10.8075,1.6498,0.5637,0.5927,1.1568,0.4870,0.7433,13.1839,15.0555
circle,0.2000,geometric_l1,3,0,23.2610,22.8857,4.7494,4.5787,0.8145,0.7806,36.4287,35.9420,11.6134,4.5783,0.1659,3.6655,2.5143,0.2402,32.9765,52.4772
circle,0.2000,modular_adaptive,3,0,22.5007,27.1410,37.4672,3.8894,0.9026,0.8325,31.7483,33.5694,59.9348,3.8368,0.1249,3.2922,3.5931,0.1842,51.4619,75.6857
circle,0.2000,whole_body_l1,3,0,12.6447,13.1503,1.3375,0.8035,0.8667,0.9012,13.7636,14.3134,1.7345,0.6173,0.7869,1.2216,0.5383,0.7092,18.2940,19.9345
figure8,0.1000,geometric_l1,3,0,25.4722,27.0839,4.5814,3.3920,0.7985,0.8089,27.8537,31.8221,6.8457,3.3702,0.1478,2.1912,1.3158,0.1676,37.5141,42.8555
figure8,0.1000,modular_adaptive,3,0,28.0715,26.0566,41.2743,3.0094,0.9010,0.8654,32.1399,31.2463,63.4131,2.9157,0.1264,3.2834,3.5834,0.1375,56.3077,77.6567
figure8,0.1000,whole_body_l1,3,0,9.0022,10.0404,1.4439,0.8352,0.8439,0.8520,10.1537,11.4002,1.7651,0.6239,0.7466,1.3153,0.6441,0.6093,13.5626,15.3693
figure8,0.1300,geometric_l1,3,0,25.5914,25.5854,4.2534,4.6519,0.8098,0.8089,28.7930,34.0970,7.7060,4.6067,0.1603,2.5587,1.5862,0.2969,36.4372,45.2899
figure8,0.1300,modular_adaptive,3,0,27.9187,25.2555,39.2428,3.1643,0.9131,0.8581,32.1135,31.3378,61.5581,3.0774,0.1256,3.2901,3.5924,0.1996,54.3821,76.1774
figure8,0.1300,whole_body_l1,3,0,11.9995,11.8475,1.4365,1.1041,0.8465,0.8508,13.1484,13.1882,1.6797,0.7033,0.9717,1.2480,0.5828,0.8687,16.9243,18.6990
figure8,0.2000,geometric_l1,3,0,28.9719,31.2578,4.6925,7.5617,1.0502,1.0277,35.1532,48.0904,9.9839,7.5007,0.2694,3.1484,2.0610,0.6287,42.8990,60.4005
figure8,0.2000,modular_adaptive,3,0,27.4618,23.0530,36.3836,3.6364,0.9160,0.8457,32.3964,30.8470,58.7399,3.5712,0.1258,3.2837,3.5932,0.3235,51.0857,73.8371
figure8,0.2000,whole_body_l1,3,0,17.2694,16.1063,1.3635,1.7062,1.0755,0.9341,18.3336,17.2677,1.8693,0.8602,1.5877,1.2784,0.6264,1.2368,23.6568,25.2564
